Student_ID,Name,Gender,Department,10th_Percentage,12th_Percentage,Graduation_Percentage,Attendance_Percentage,Internship,Technical_Skills_Score,Aptitude_Score,Communication_Score,Projects_Count,Backlogs,Placement_Status,Company_Name,Package_LPA,Placement_Category,Performance_Level
S001,Arnav Baria,Male,Electronics,87%,62%,61%,70%,Completed,65,64,67,2,0,Placed,Infosys,9.6,High Package,Average
S002,Onkar Buch,Female,CS,88%,77%,60%,75%,Completed,62,95,85,6,0,Not Placed,,,Low Package,Average
S003,Eshani Bal,Male,IT,84%,66%,82%,87%,Not Completed,59,63,67,5,2,Not Placed,,,Low Package,Excellent
S004,Priyansh Lal,Male,Electronics,78%,83%,72%,69%,Not Completed,84,57,79,1,0,Not Placed,,,Low Package,Good
S005,Aradhya Dash,Female,Civil,83%,70%,83%,87%,Completed,64,56,55,2,2,Not Placed,,,Low Package,Excellent
S006,Manjari Bala,Male,CS,89%,84%,77%,79%,Not Completed,90,60,88,6,0,Not Placed,,,Low Package,Good
S007,Kashvi Sekhon,Female,IT,73%,80%,73%,96%,Not Completed,52,70,64,4,0,Not Placed,,,Low Package,Good
S008,Rati Chander,Female,Electronics,87%,85%,83%,79%,Not Completed,58,65,66,2,1,Not Placed,,,Low Package,Excellent
S009,Kiaan Gole,Male,Civil,64%,84%,84%,94%,Not Completed,57,59,53,5,0,Not Placed,,,Low Package,Excellent
S010,Neelofar Borah,Female,Mechanical,67%,78%,87%,75%,Not Completed,57,93,93,4,0,Not Placed,,,Low Package,Excellent
S011,Divyansh Rao,Male,CS,83%,70%,60%,85%,Completed,61,82,82,4,2,Placed,Deloitte,8.6,High Package,Average
S012,Miraya Kadakia,Male,IT,91%,64%,68%,73%,Completed,69,65,73,6,0,Placed,TCS,5.2,Medium Package,Average
S013,Ivana Buch,Male,Electronics,72%,79%,85%,88%,Not Completed,83,88,66,4,1,Not Placed,,,Low Package,Excellent
S014,Neelofar Sekhon,Male,Electronics,95%,74%,74%,65%,Not Completed,64,54,65,1,0,Not Placed,,,Low Package,Good
S015,Nirvaan Kulkarni,Female,CS,94%,68%,90%,80%,Completed,52,71,54,4,1,Placed,Capgemini,5.1,Medium Package,Excellent
S016,Rohan Dash,Female,Civil,86%,89%,63%,71%,Not Completed,56,92,56,1,1,Not Placed,,,Low Package,Average
S017,Himmat Dewan,Female,CS,77%,89%,75%,69%,Not Completed,65,62,56,4,2,Placed,Capgemini,7,Medium Package,Good
S018,Kismat Yohannan,Male,CS,86%,91%,90%,78%,Completed,84,50,91,4,0,Placed,TCS,11.3,High Package,Excellent
S019,Farhan Tripathi,Female,Mechanical,87%,95%,91%,74%,Completed,50,74,74,2,1,Not Placed,,,Low Package,Excellent
S020,Heer Chacko,Male,Electronics,90%,92%,70%,68%,Not Completed,87,84,53,5,1,Placed,Cognizant,5.8,Medium Package,Good
S021,Nishith Baria,Male,Civil,67%,75%,62%,70%,Completed,88,54,54,4,1,Not Placed,,,Low Package,Average
S022,Umang Kata,Male,Mechanical,85%,68%,79%,94%,Not Completed,92,95,63,3,2,Not Placed,,,Low Package,Good
S023,Jhanvi Shan,Male,Electronics,76%,68%,82%,69%,Completed,89,86,79,2,0,Placed,TCS,3.7,Low Package,Excellent
S024,Farhan Ghose,Female,Electronics,93%,60%,79%,71%,Not Completed,78,84,60,2,2,Not Placed,,,Low Package,Good
S025,Mannat Dua,Female,Electronics,73%,81%,73%,81%,Not Completed,85,59,56,5,0,Not Placed,,,Low Package,Good
S026,Hridaan Acharya,Female,IT,60%,81%,68%,81%,Not Completed,55,90,53,2,2,Not Placed,,,Low Package,Average
S027,Eshani Saraf,Male,Mechanical,95%,69%,87%,73%,Not Completed,50,57,85,1,3,Placed,Cognizant,11.1,High Package,Excellent
S028,Vaibhav Buch,Male,IT,82%,95%,86%,74%,Not Completed,72,63,52,2,2,Not Placed,,,Low Package,Excellent
S029,Mamooty Loyal,Female,Civil,75%,77%,70%,71%,Completed,51,61,76,4,1,Not Placed,,,Low Package,Good
S030,Darshit Dani,Female,CS,74%,61%,72%,90%,Completed,62,79,64,3,3,Not Placed,,,Low Package,Good
S031,Aarush Sekhon,Female,Electronics,81%,61%,67%,81%,Not Completed,72,91,67,2,0,Not Placed,,,Low Package,Average
S032,Zoya Koshy,Female,Civil,92%,67%,84%,77%,Not Completed,88,77,56,3,0,Not Placed,,,Low Package,Excellent
S033,Neelofar Rastogi,Male,Mechanical,87%,64%,81%,85%,Completed,83,84,50,6,3,Not Placed,,,Low Package,Excellent
S034,Raunak Cheema,Female,Civil,78%,95%,68%,77%,Completed,69,92,82,4,2,Not Placed,,,Low Package,Average
S035,Bhamini Dhar,Male,Mechanical,78%,73%,87%,85%,Not Completed,86,69,89,4,1,Not Placed,,,Low Package,Excellent
S036,Yuvaan Yohannan,Male,IT,78%,92%,81%,70%,Not Completed,63,82,93,2,3,Not Placed,,,Low Package,Excellent
S037,Khushi Dyal,Male,Civil,86%,72%,84%,96%,Not Completed,59,51,62,4,1,Placed,Infosys,11.9,High Package,Excellent
S038,Manjari Kala,Male,Civil,74%,71%,89%,68%,Completed,94,50,91,5,1,Placed,Deloitte,10.7,High Package,Excellent
S039,Mamooty Mani,Female,Civil,92%,87%,88%,75%,Completed,58,79,79,6,0,Not Placed,,,Low Package,Excellent
S040,Mishti Koshy,Female,CS,77%,88%,64%,83%,Not Completed,65,90,66,2,3,Not Placed,,,Low Package,Average
S041,Jhanvi Mani,Male,CS,64%,86%,86%,86%,Not Completed,84,55,70,5,2,Placed,Infosys,5.1,Medium Package,Excellent
S042,Dharmajan Iyer,Male,Electronics,84%,90%,60%,87%,Not Completed,63,76,53,3,3,Not Placed,,,Low Package,Average
S043,Kaira Sen,Female,Civil,61%,84%,81%,90%,Not Completed,84,88,84,6,3,Placed,Accenture,5,Low Package,Excellent
S044,Ahana  Buch,Male,IT,87%,68%,89%,76%,Completed,89,84,58,1,3,Placed,Accenture,8.3,High Package,Excellent
S045,Gatik Kohli,Female,Civil,77%,86%,76%,70%,Not Completed,63,79,70,4,3,Not Placed,,,Low Package,Good
S046,Shlok Reddy,Male,IT,75%,72%,61%,74%,Completed,64,91,72,2,0,Placed,Deloitte,11.6,High Package,Average
S047,Vihaan Savant,Female,CS,67%,70%,79%,71%,Completed,57,86,92,5,3,Placed,Accenture,9.3,High Package,Good
S048,Yakshit Gulati,Male,IT,75%,66%,79%,72%,Completed,93,74,86,5,2,Not Placed,,,Low Package,Good
S049,Madhup Comar,Male,Electronics,81%,60%,86%,96%,Completed,77,92,84,1,2,Not Placed,,,Low Package,Excellent
S050,Purab Dave,Female,Electronics,94%,90%,89%,92%,Not Completed,79,95,90,6,2,Placed,Accenture,4.6,Low Package,Excellent
S051,Yakshit Rastogi,Male,Civil,84%,81%,61%,96%,Not Completed,55,67,65,3,2,Not Placed,,,Low Package,Average
S052,Akarsh Mand,Female,Electronics,77%,95%,60%,98%,Completed,72,66,63,2,3,Not Placed,,,Low Package,Average
S053,Shalv Luthra,Female,Civil,88%,61%,65%,83%,Completed,81,85,76,2,1,Placed,Deloitte,5.2,Medium Package,Average
S054,Ishita Gade,Female,Electronics,93%,82%,87%,86%,Not Completed,92,87,69,3,1,Not Placed,,,Low Package,Excellent
S055,Aniruddh Lala,Male,Electronics,71%,72%,73%,95%,Not Completed,66,64,69,3,2,Placed,Cognizant,4.7,Low Package,Good
S056,Prerak Seshadri,Male,Mechanical,60%,94%,68%,82%,Not Completed,68,64,62,1,0,Not Placed,,,Low Package,Average
S057,Akarsh Ram,Male,IT,78%,90%,90%,93%,Completed,58,90,94,3,2,Not Placed,,,Low Package,Excellent
S058,Tiya Kumer,Female,IT,63%,69%,69%,84%,Completed,80,57,66,1,0,Placed,Deloitte,3.6,Low Package,Average
S059,Renee Arora,Male,Electronics,84%,88%,88%,84%,Completed,76,88,85,5,0,Placed,Capgemini,10.1,High Package,Excellent
S060,Hunar Sankaran,Male,CS,73%,76%,65%,75%,Not Completed,89,53,86,2,2,Not Placed,,,Low Package,Average
S061,Lakshay Dugar,Female,Mechanical,62%,74%,78%,83%,Completed,50,76,60,6,0,Not Placed,,,Low Package,Good
S062,Nitara Sridhar,Male,Civil,67%,94%,74%,74%,Not Completed,64,66,93,3,0,Not Placed,,,Low Package,Good
S063,Romil Bhat,Female,Civil,67%,89%,79%,90%,Completed,60,69,53,3,0,Not Placed,,,Low Package,Good
S064,Lakshit Sachar,Female,Electronics,76%,61%,65%,79%,Not Completed,88,52,55,6,3,Not Placed,,,Low Package,Average
S065,Dharmajan Subramaniam,Female,Mechanical,71%,87%,91%,70%,Completed,52,61,86,4,2,Not Placed,,,Low Package,Excellent
S066,Ritvik Ghose,Female,Civil,78%,85%,62%,94%,Not Completed,70,92,71,1,3,Placed,Deloitte,4.4,Low Package,Average
S067,Stuvan Din,Male,Electronics,89%,86%,63%,77%,Not Completed,57,75,70,5,2,Not Placed,,,Low Package,Average
S068,Jayan Jha,Female,Civil,91%,67%,61%,80%,Not Completed,78,53,90,6,3,Placed,Wipro,7.9,Medium Package,Average
S069,Jayant Shenoy,Male,CS,67%,89%,67%,74%,Completed,50,85,85,4,2,Not Placed,,,Low Package,Average
S070,Kaira Kadakia,Female,CS,92%,68%,64%,82%,Not Completed,80,80,76,4,2,Placed,Accenture,8,Medium Package,Average
S071,Indrans Bath,Female,CS,88%,94%,90%,87%,Not Completed,68,69,50,3,2,Not Placed,,,Low Package,Excellent
S072,Ayesha Chakraborty,Female,IT,80%,90%,84%,89%,Not Completed,62,94,70,6,3,Placed,Capgemini,6.4,Medium Package,Excellent
S073,Damini Johal,Female,IT,88%,66%,89%,65%,Completed,58,82,52,6,3,Not Placed,,,Low Package,Excellent
S074,Biju Vala,Female,Mechanical,85%,65%,81%,89%,Completed,59,54,91,3,3,Not Placed,,,Low Package,Excellent
S075,Ranbir Rout,Female,CS,65%,87%,66%,71%,Not Completed,54,65,89,4,0,Not Placed,,,Low Package,Average
S076,Charvi Ahuja,Female,CS,75%,93%,86%,76%,Completed,52,70,51,2,2,Placed,Wipro,6.2,Medium Package,Excellent
S077,Miraan Sidhu,Male,CS,89%,76%,89%,81%,Completed,74,89,89,6,0,Placed,Cognizant,5.2,Medium Package,Excellent
S078,Nehmat Gulati,Female,Electronics,79%,87%,76%,94%,Completed,93,84,68,3,3,Placed,TCS,7,Medium Package,Good
S079,Sana Deshmukh,Female,Electronics,78%,78%,61%,90%,Completed,56,65,80,3,3,Not Placed,,,Low Package,Average
S080,Oorja Dhar,Female,CS,72%,76%,68%,71%,Completed,81,68,88,6,0,Placed,Deloitte,10.2,High Package,Average
S081,Sahil Bumb,Male,IT,78%,80%,86%,76%,Completed,52,87,78,2,2,Not Placed,,,Low Package,Excellent
S082,Shalv Thakur,Female,Mechanical,81%,67%,89%,69%,Completed,82,67,83,2,2,Placed,Wipro,11.2,High Package,Excellent
S083,Adah Kalita,Male,Mechanical,94%,67%,89%,88%,Completed,73,55,85,6,3,Not Placed,,,Low Package,Excellent
S084,Yuvraj  Reddy,Male,Civil,61%,95%,80%,79%,Not Completed,73,56,90,6,3,Not Placed,,,Low Package,Excellent
S085,Tara Varghese,Male,CS,62%,62%,79%,96%,Completed,69,91,94,1,3,Not Placed,,,Low Package,Good
S086,Drishya Dada,Female,Electronics,86%,69%,86%,71%,Completed,58,74,84,4,1,Not Placed,,,Low Package,Excellent
S087,Vardaniya Vasa,Male,Mechanical,66%,83%,82%,68%,Not Completed,94,73,52,4,2,Placed,Accenture,7,Medium Package,Excellent
S088,Indranil Bajaj,Male,Electronics,61%,63%,81%,80%,Not Completed,79,55,57,2,1,Not Placed,,,Low Package,Excellent
S089,Onkar Anne,Female,CS,60%,77%,69%,73%,Completed,63,87,85,5,0,Placed,Deloitte,10.8,High Package,Average
S090,Dishani Jhaveri,Male,Electronics,80%,61%,71%,81%,Not Completed,92,51,57,1,1,Placed,TCS,6.2,Medium Package,Good
S091,Bhavin Dasgupta,Female,Mechanical,92%,66%,88%,97%,Completed,57,54,83,2,3,Not Placed,,,Low Package,Excellent
S092,Seher Saraf,Female,IT,91%,88%,64%,70%,Completed,91,51,79,3,2,Placed,Accenture,10.6,High Package,Average
S093,Anahita Suri,Female,Civil,93%,78%,89%,97%,Completed,67,89,58,5,0,Not Placed,,,Low Package,Excellent
S094,Azad Gara,Male,Civil,88%,74%,86%,86%,Not Completed,57,91,94,4,0,Not Placed,,,Low Package,Excellent
S095,Rasha Dhar,Female,Mechanical,69%,90%,64%,70%,Not Completed,70,77,56,1,3,Not Placed,,,Low Package,Average
S096,Dishani Boase,Male,Electronics,95%,95%,81%,72%,Completed,73,58,56,4,3,Not Placed,,,Low Package,Excellent
S097,Ayesha Kohli,Female,IT,92%,73%,69%,95%,Not Completed,68,88,53,2,3,Not Placed,,,Low Package,Average
S098,Elakshi Baral,Male,Civil,95%,95%,61%,82%,Completed,73,57,85,1,2,Not Placed,,,Low Package,Average
S099,Saira Shukla,Male,CS,69%,85%,64%,74%,Completed,69,71,94,6,2,Not Placed,,,Low Package,Average
S100,Anika Dhaliwal,Female,Mechanical,70%,83%,79%,85%,Completed,63,74,83,5,0,Not Placed,,,Low Package,Good
S101,Abram Handa,Female,Civil,91%,88%,86%,82%,Completed,60,89,59,2,0,Placed,Cognizant,3.7,Low Package,Excellent
S102,Myra Salvi,Female,Electronics,79%,62%,74%,90%,Completed,57,68,77,5,2,Not Placed,,,Low Package,Good
S103,Renee Dixit,Female,IT,60%,91%,87%,76%,Completed,69,63,63,2,0,Placed,Deloitte,5.3,Medium Package,Excellent
S104,Lagan Lall,Male,Civil,62%,87%,61%,94%,Not Completed,85,92,82,1,1,Not Placed,,,Low Package,Average
S105,Nayantara Khatri,Female,Mechanical,67%,85%,61%,85%,Not Completed,75,95,86,2,3,Not Placed,,,Low Package,Average
S106,Dishani Bhatt,Male,Civil,79%,81%,74%,86%,Not Completed,77,56,55,2,2,Placed,Accenture,8.3,High Package,Good
S107,Damini Varma,Male,CS,66%,69%,76%,77%,Completed,82,62,83,2,0,Placed,Deloitte,6.1,Medium Package,Good
S108,Lagan Comar,Female,Electronics,80%,80%,69%,93%,Completed,90,81,61,1,0,Not Placed,,,Low Package,Average
S109,Reyansh Sachar,Male,Mechanical,92%,64%,79%,94%,Not Completed,69,67,90,4,3,Not Placed,,,Low Package,Good
S110,Alia Chacko,Male,Electronics,92%,84%,89%,67%,Completed,68,54,73,4,0,Placed,Cognizant,10.8,High Package,Excellent
S111,Hiran Choudhry,Female,IT,92%,71%,62%,80%,Completed,80,82,88,6,2,Placed,TCS,7.1,Medium Package,Average
S112,Saanvi Varkey,Female,Civil,86%,81%,63%,86%,Not Completed,83,89,83,1,3,Placed,Wipro,6.4,Medium Package,Average
S113,Yashvi Agate,Female,Electronics,69%,81%,65%,74%,Not Completed,93,74,85,3,0,Not Placed,,,Low Package,Average
S114,Taimur Sekhon,Female,CS,93%,65%,87%,97%,Not Completed,88,95,58,3,3,Placed,Wipro,8,Medium Package,Excellent
S115,Kavya Bandi,Female,CS,74%,68%,69%,69%,Completed,61,63,69,3,2,Not Placed,,,Low Package,Average
S116,Ahana  Sane,Male,CS,71%,70%,88%,67%,Completed,71,89,92,4,0,Placed,Infosys,8.4,High Package,Excellent
S117,Vritika Dhar,Female,CS,94%,75%,79%,95%,Not Completed,89,68,78,2,1,Not Placed,,,Low Package,Good
S118,Raghav Bhakta,Female,CS,72%,68%,76%,68%,Not Completed,68,74,79,6,3,Not Placed,,,Low Package,Good
S119,Hiran Shankar,Male,Mechanical,65%,70%,77%,93%,Not Completed,56,95,85,5,2,Not Placed,,,Low Package,Good
S120,Farhan Loke,Male,Civil,63%,85%,92%,88%,Completed,64,78,55,2,3,Not Placed,,,Low Package,Excellent
S121,Charvi D’Alia,Male,Mechanical,69%,68%,62%,83%,Not Completed,64,51,73,4,0,Not Placed,,,Low Package,Average
S122,Nishith Mane,Male,Electronics,93%,87%,67%,83%,Completed,89,50,78,2,3,Placed,TCS,5.3,Medium Package,Average
S123,Trisha Bal,Female,IT,67%,91%,61%,97%,Not Completed,65,76,53,5,0,Not Placed,,,Low Package,Average
S124,Lakshay Chowdhury,Female,CS,65%,93%,83%,69%,Completed,77,50,68,5,1,Placed,Capgemini,6.2,Medium Package,Excellent
S125,Mahika Sachdeva,Female,Mechanical,61%,82%,64%,87%,Completed,52,90,80,2,3,Not Placed,,,Low Package,Average
S126,Shanaya Upadhyay,Female,CS,89%,90%,71%,73%,Completed,52,72,58,1,2,Not Placed,,,Low Package,Good
S127,Vihaan Barad,Female,Electronics,85%,94%,90%,81%,Not Completed,62,52,68,1,0,Placed,TCS,5.8,Medium Package,Excellent
S128,Himmat Joshi,Female,IT,83%,87%,85%,93%,Completed,53,91,72,4,2,Not Placed,,,Low Package,Excellent
S129,Shray Bumb,Female,IT,87%,65%,87%,76%,Not Completed,94,81,81,5,1,Not Placed,,,Low Package,Excellent
S130,Baiju Jaggi,Female,Mechanical,88%,87%,70%,93%,Not Completed,55,70,56,3,2,Not Placed,,,Low Package,Good
S131,Kaira Kurian,Male,IT,85%,83%,92%,75%,Not Completed,89,77,72,1,0,Not Placed,,,Low Package,Excellent
S132,Ryan Mann,Female,Civil,62%,69%,88%,88%,Completed,58,54,52,3,3,Placed,Deloitte,8.8,High Package,Excellent
S133,Vidur Golla,Female,Mechanical,77%,75%,67%,66%,Not Completed,58,83,86,6,0,Not Placed,,,Low Package,Average
S134,Mohanlal Deol,Female,CS,78%,91%,72%,72%,Completed,74,85,83,2,3,Placed,Wipro,10,High Package,Good
S135,Kavya Basu,Female,Mechanical,64%,95%,78%,84%,Completed,95,78,61,2,3,Placed,Deloitte,9.1,High Package,Good
S136,Krish Bera,Female,IT,83%,95%,83%,94%,Completed,64,57,82,5,2,Placed,Deloitte,4.2,Low Package,Excellent
S137,Kaira Sharaf,Female,Electronics,86%,86%,64%,73%,Completed,69,75,54,3,0,Not Placed,,,Low Package,Average
S138,Darshit Som,Male,Electronics,71%,68%,87%,97%,Completed,93,83,79,1,3,Not Placed,,,Low Package,Excellent
S139,Aarav Ganguly,Male,Mechanical,93%,78%,65%,81%,Completed,60,60,69,2,1,Not Placed,,,Low Package,Average
S140,Saanvi Gara,Male,Electronics,70%,69%,70%,86%,Not Completed,69,89,90,5,1,Not Placed,,,Low Package,Good
S141,Advika Bhatia,Female,CS,86%,61%,91%,83%,Completed,52,91,55,6,0,Not Placed,,,Low Package,Excellent
S142,Madhup Yohannan,Female,IT,63%,70%,88%,91%,Not Completed,93,75,65,4,3,Not Placed,,,Low Package,Excellent
S143,Shayak Karnik,Female,Mechanical,85%,68%,83%,97%,Not Completed,88,59,71,5,1,Not Placed,,,Low Package,Excellent
S144,Aniruddh Chandra,Female,CS,69%,66%,63%,83%,Completed,79,57,65,4,2,Not Placed,,,Low Package,Average
S145,Shray Kara,Female,CS,70%,91%,92%,94%,Not Completed,70,86,60,4,1,Not Placed,,,Low Package,Excellent
S146,Damini Dua,Female,CS,73%,82%,63%,68%,Not Completed,55,75,51,3,3,Not Placed,,,Low Package,Average
S147,Nirvi Jayaraman,Female,Mechanical,85%,83%,62%,90%,Not Completed,84,50,68,1,3,Placed,Accenture,4.2,Low Package,Average
S148,Adira Balakrishnan,Female,Electronics,77%,67%,68%,71%,Completed,68,54,85,4,2,Not Placed,,,Low Package,Average
S149,Ehsaan Walia,Male,IT,62%,68%,81%,95%,Not Completed,73,59,85,5,2,Placed,Capgemini,7.6,Medium Package,Excellent
S150,Kanav Bansal,Female,CS,85%,79%,81%,97%,Not Completed,82,58,88,5,1,Not Placed,,,Low Package,Excellent
S151,Saksham Das,Male,Civil,79%,61%,90%,81%,Not Completed,51,73,80,6,2,Not Placed,,,Low Package,Excellent
S152,Madhav Khatri,Female,CS,75%,62%,67%,77%,Completed,80,60,87,1,0,Placed,Capgemini,8.7,High Package,Average
S153,Kanav Agate,Male,Civil,92%,90%,63%,73%,Not Completed,59,76,76,5,2,Not Placed,,,Low Package,Average
S154,Elakshi Datta,Female,CS,89%,94%,81%,87%,Completed,80,83,92,6,2,Not Placed,,,Low Package,Excellent
S155,Yuvraj  Sane,Female,CS,79%,78%,73%,96%,Not Completed,65,67,62,3,3,Not Placed,,,Low Package,Good
S156,Shamik Raju,Female,Civil,82%,69%,78%,67%,Not Completed,67,68,85,3,2,Placed,Capgemini,9.1,High Package,Good
S157,Tushar Zachariah,Female,CS,72%,94%,77%,82%,Completed,91,66,78,2,2,Not Placed,,,Low Package,Good
S158,Priyansh Singh,Male,CS,63%,66%,86%,86%,Completed,53,92,65,6,1,Not Placed,,,Low Package,Excellent
S159,Hunar Dash,Male,Civil,90%,90%,72%,83%,Not Completed,58,50,93,3,0,Not Placed,,,Low Package,Good
S160,Anay Ravel,Male,CS,86%,71%,62%,90%,Not Completed,91,86,55,4,0,Placed,Capgemini,9.6,High Package,Average
S161,Nitara Barman,Male,Mechanical,78%,89%,91%,73%,Completed,50,69,52,5,2,Not Placed,,,Low Package,Excellent
S162,Dharmajan Goswami,Female,CS,60%,81%,78%,77%,Not Completed,57,71,62,2,2,Placed,Cognizant,7.1,Medium Package,Good
S163,Tushar Saran,Male,CS,68%,90%,80%,80%,Not Completed,70,55,82,1,3,Not Placed,,,Low Package,Excellent
S164,Jayan Baria,Female,Electronics,60%,76%,83%,80%,Not Completed,78,67,65,1,3,Not Placed,,,Low Package,Excellent
S165,Tarini Deshpande,Female,IT,78%,83%,74%,79%,Completed,60,75,69,2,3,Not Placed,,,Low Package,Good
S166,Pari Gaba,Female,Electronics,73%,75%,65%,98%,Not Completed,88,73,79,4,1,Not Placed,,,Low Package,Average
S167,Farhan Doctor,Male,Electronics,94%,69%,70%,85%,Not Completed,57,53,86,5,0,Not Placed,,,Low Package,Good
S168,Anahi Hayer,Female,IT,92%,88%,63%,94%,Not Completed,63,95,93,2,0,Not Placed,,,Low Package,Average
S169,Kaira Dewan,Female,IT,85%,76%,60%,78%,Not Completed,53,85,86,5,3,Not Placed,,,Low Package,Average
S170,Sara Chandran,Male,IT,90%,62%,78%,91%,Completed,72,94,77,2,0,Placed,TCS,7.9,Medium Package,Good
S171,Badal Kalla,Female,IT,94%,68%,82%,72%,Completed,74,78,73,2,3,Not Placed,,,Low Package,Excellent
S172,Saanvi Swamy,Female,Electronics,87%,94%,84%,79%,Not Completed,50,51,64,2,1,Not Placed,,,Low Package,Excellent
S173,Krish Talwar,Male,IT,86%,61%,75%,78%,Not Completed,67,62,59,1,2,Not Placed,,,Low Package,Good
S174,Taran Ram,Male,IT,85%,88%,74%,78%,Completed,88,93,78,1,0,Placed,Cognizant,10.8,High Package,Good
S175,Aniruddh Dugal,Female,CS,79%,69%,74%,91%,Completed,86,70,64,3,2,Not Placed,,,Low Package,Good
S176,Tiya Sehgal,Female,Electronics,91%,63%,82%,89%,Not Completed,87,61,85,5,0,Not Placed,,,Low Package,Excellent
S177,Shayak Warrior,Male,Electronics,90%,75%,74%,84%,Not Completed,59,69,76,6,3,Not Placed,,,Low Package,Good
S178,Ivana Ramachandran,Male,Civil,75%,76%,73%,86%,Completed,85,76,53,6,3,Not Placed,,,Low Package,Good
S179,Veer Balan,Male,IT,77%,84%,62%,69%,Completed,55,84,73,2,3,Not Placed,,,Low Package,Average
S180,Ehsaan Ganesh,Male,Civil,75%,73%,85%,80%,Completed,71,69,63,5,3,Placed,Infosys,11.4,High Package,Excellent
S181,Jayesh Vora,Female,Mechanical,76%,83%,92%,96%,Not Completed,79,84,74,4,2,Not Placed,,,Low Package,Excellent
S182,Rohan Gulati,Female,IT,74%,69%,61%,81%,Completed,63,73,70,5,3,Not Placed,,,Low Package,Average
S183,Samaira Dey,Male,Civil,95%,81%,76%,96%,Not Completed,62,71,59,6,2,Placed,Accenture,8.1,High Package,Good
S184,Myra Mangat,Male,Electronics,63%,93%,62%,69%,Not Completed,72,60,60,6,3,Placed,Cognizant,7.9,Medium Package,Average
S185,Badal Bhandari,Male,CS,92%,89%,83%,68%,Completed,58,90,76,5,0,Placed,TCS,9.4,High Package,Excellent
S186,Anika Seth,Female,IT,61%,93%,77%,83%,Not Completed,50,84,51,1,3,Not Placed,,,Low Package,Good
S187,Nitya Bhardwaj,Female,Mechanical,77%,85%,65%,88%,Not Completed,56,83,56,4,1,Placed,Infosys,4.7,Low Package,Average
S188,Divij De,Male,IT,65%,85%,84%,89%,Not Completed,64,69,94,5,1,Not Placed,,,Low Package,Excellent
S189,Hrishita Kala,Female,Mechanical,66%,93%,62%,79%,Not Completed,50,94,90,2,0,Placed,TCS,7.5,Medium Package,Average
S190,Vaibhav Kashyap,Male,CS,80%,61%,73%,74%,Not Completed,54,93,52,6,2,Not Placed,,,Low Package,Good
S191,Sahil Karpe,Female,Electronics,81%,84%,68%,70%,Not Completed,60,86,69,5,0,Placed,Capgemini,10.5,High Package,Average
S192,Tiya Sandal,Female,Mechanical,61%,77%,88%,96%,Not Completed,77,64,56,2,0,Placed,Wipro,8.4,High Package,Excellent
S193,Purab Raj,Female,IT,78%,75%,64%,70%,Not Completed,61,93,77,3,3,Not Placed,,,Low Package,Average
S194,Shray Kulkarni,Female,Mechanical,83%,66%,65%,65%,Completed,90,59,95,3,3,Not Placed,,,Low Package,Average
S195,Anaya Master,Female,IT,61%,65%,82%,70%,Not Completed,56,58,67,5,2,Placed,Infosys,6.9,Medium Package,Excellent
S196,Bhamini Keer,Male,Electronics,75%,93%,70%,89%,Not Completed,68,76,50,2,3,Not Placed,,,Low Package,Good
S197,Dishani Bhatt,Female,Civil,79%,90%,64%,88%,Completed,67,81,69,3,2,Placed,TCS,4.5,Low Package,Average
S198,Heer Varghese,Male,CS,79%,60%,85%,86%,Completed,89,62,88,5,3,Not Placed,,,Low Package,Excellent
S199,Khushi Chaudhari,Male,Mechanical,80%,72%,90%,85%,Not Completed,71,77,78,2,2,Not Placed,,,Low Package,Excellent
S200,Miraan Mander,Male,Mechanical,84%,77%,85%,88%,Not Completed,94,90,68,1,2,Not Placed,,,Low Package,Excellent
S201,Ira Bhattacharyya,Male,Civil,78%,64%,86%,96%,Completed,85,51,93,2,1,Placed,Cognizant,7.2,Medium Package,Excellent
S202,Aradhya Magar,Female,Civil,64%,88%,90%,90%,Not Completed,92,59,66,5,1,Not Placed,,,Low Package,Excellent
S203,Manikya Karan,Male,IT,75%,82%,70%,67%,Not Completed,94,84,73,5,0,Not Placed,,,Low Package,Good
S204,Jiya Lata,Male,Civil,83%,85%,89%,97%,Not Completed,56,50,77,2,2,Placed,Wipro,5,Low Package,Excellent
S205,Purab Borra,Male,IT,69%,82%,79%,86%,Not Completed,56,68,80,4,0,Not Placed,,,Low Package,Good
S206,Elakshi Kala,Female,Mechanical,64%,79%,62%,72%,Completed,80,56,72,1,3,Not Placed,,,Low Package,Average
S207,Nishith Sarraf,Male,Electronics,70%,81%,87%,94%,Not Completed,60,65,93,2,0,Not Placed,,,Low Package,Excellent
S208,Navya Wali,Female,IT,72%,88%,87%,89%,Not Completed,90,92,61,1,1,Not Placed,,,Low Package,Excellent
S209,Sana Char,Male,Mechanical,80%,72%,89%,72%,Completed,95,54,67,3,1,Placed,Capgemini,3.9,Low Package,Excellent
S210,Saanvi Sagar,Male,Mechanical,82%,89%,71%,84%,Not Completed,74,89,88,5,2,Not Placed,,,Low Package,Good
S211,Jayant Setty,Male,CS,83%,69%,92%,89%,Completed,57,65,70,4,1,Not Placed,,,Low Package,Excellent
S212,Saksham Dora,Male,Electronics,70%,91%,78%,73%,Completed,61,81,77,2,3,Not Placed,,,Low Package,Good
S213,Ishaan Jayaraman,Female,Electronics,92%,91%,86%,96%,Not Completed,53,72,89,4,3,Placed,Accenture,4.2,Low Package,Excellent
S214,Anvi Lad,Female,IT,77%,74%,78%,75%,Not Completed,55,86,60,4,3,Placed,Deloitte,9.8,High Package,Good
S215,Zaina Bhagat,Female,Electronics,62%,88%,73%,92%,Not Completed,57,67,86,1,0,Not Placed,,,Low Package,Good
S216,Drishya Kale,Male,Civil,67%,75%,73%,87%,Completed,78,66,52,6,2,Not Placed,,,Low Package,Good
S217,Yakshit Desai,Female,Electronics,77%,94%,70%,85%,Not Completed,58,63,89,6,1,Placed,Deloitte,3.5,Low Package,Good
S218,Vidur Bains,Male,CS,86%,63%,77%,73%,Not Completed,67,82,86,6,2,Not Placed,,,Low Package,Good
S219,Nitya Ramakrishnan,Female,Civil,69%,77%,86%,89%,Completed,95,70,59,4,1,Placed,Deloitte,10.6,High Package,Excellent
S220,Advika Din,Female,Civil,91%,80%,60%,70%,Completed,82,67,75,6,0,Placed,Cognizant,11.4,High Package,Average
S221,Anya Brahmbhatt,Female,Mechanical,80%,78%,81%,73%,Not Completed,84,75,54,5,2,Placed,Accenture,10.4,High Package,Excellent
S222,Aarav Dutt,Female,IT,67%,70%,88%,94%,Not Completed,53,52,93,1,2,Placed,Cognizant,10.1,High Package,Excellent
S223,Anika Bir,Male,Mechanical,65%,83%,76%,70%,Not Completed,58,91,94,3,1,Not Placed,,,Low Package,Good
S224,Parinaaz Sandal,Male,Civil,65%,66%,60%,78%,Completed,90,69,75,4,0,Placed,Cognizant,9.3,High Package,Average
S225,Jivika Kaur,Female,IT,60%,81%,67%,92%,Completed,64,83,87,6,1,Not Placed,,,Low Package,Average
S226,Kartik Kalla,Male,Mechanical,83%,79%,68%,89%,Completed,64,74,54,2,3,Placed,Cognizant,10.3,High Package,Average
S227,Mehul Bava,Female,Mechanical,73%,69%,86%,93%,Completed,86,50,83,2,0,Placed,Capgemini,8.9,High Package,Excellent
S228,Prerak Varty,Female,Mechanical,87%,80%,68%,80%,Completed,57,87,58,3,0,Not Placed,,,Low Package,Average
S229,Eva Chatterjee,Male,Mechanical,73%,93%,92%,77%,Completed,88,88,85,6,1,Placed,Cognizant,8.5,High Package,Excellent
S230,Faiyaz Deshmukh,Female,IT,75%,91%,64%,98%,Not Completed,53,65,91,1,2,Not Placed,,,Low Package,Average
S231,Adah Sethi,Female,Electronics,71%,90%,64%,66%,Not Completed,74,86,58,5,2,Not Placed,,,Low Package,Average
S232,Gatik Bajaj,Female,Electronics,86%,87%,85%,70%,Completed,63,52,66,6,0,Placed,Deloitte,6.6,Medium Package,Excellent
S233,Aaina Kaur,Male,CS,94%,80%,85%,69%,Completed,69,55,55,3,2,Not Placed,,,Low Package,Excellent
S234,Saanvi Dhar,Male,Civil,63%,79%,71%,72%,Not Completed,65,55,53,1,1,Not Placed,,,Low Package,Good
S235,Nehmat Lala,Female,CS,83%,68%,77%,72%,Completed,81,72,60,1,0,Not Placed,,,Low Package,Good
S236,Anvi Singhal,Male,Civil,89%,92%,83%,68%,Not Completed,83,54,67,4,3,Not Placed,,,Low Package,Excellent
S237,Shamik Khurana,Male,CS,92%,60%,62%,65%,Completed,66,56,60,2,2,Not Placed,,,Low Package,Average
S238,Sana Choudhury,Female,CS,80%,75%,86%,85%,Completed,74,59,73,3,3,Placed,Deloitte,3.3,Low Package,Excellent
S239,Misha Thakkar,Male,Civil,64%,89%,78%,84%,Completed,82,93,57,3,2,Placed,Infosys,5,Low Package,Good
S240,Eva Edwin,Female,Electronics,75%,89%,83%,96%,Completed,73,62,50,2,3,Not Placed,,,Low Package,Excellent
S241,Abram Keer,Male,Mechanical,60%,84%,79%,71%,Completed,76,51,50,2,1,Placed,Capgemini,6.1,Medium Package,Good
S242,Alia Boase,Female,IT,62%,74%,86%,88%,Completed,53,59,81,4,3,Not Placed,,,Low Package,Excellent
S243,Damini Sane,Male,Electronics,63%,87%,68%,80%,Completed,58,90,82,3,0,Not Placed,,,Low Package,Average
S244,Myra Wable,Female,Mechanical,74%,64%,72%,73%,Not Completed,94,70,75,5,2,Not Placed,,,Low Package,Good
S245,Shanaya Savant,Female,Civil,67%,94%,82%,78%,Completed,60,78,56,4,1,Not Placed,,,Low Package,Excellent
S246,Navya Chaudhry,Male,CS,80%,69%,65%,80%,Not Completed,57,55,66,3,3,Placed,Deloitte,9.2,High Package,Average
S247,Ojas Khosla,Female,Electronics,95%,75%,66%,94%,Not Completed,69,66,93,1,0,Placed,TCS,11.6,High Package,Average
S248,Nishith Bumb,Female,IT,76%,64%,61%,69%,Completed,53,64,50,2,0,Placed,Infosys,10.4,High Package,Average
S249,Vritika Sood,Female,Civil,91%,61%,84%,92%,Not Completed,71,57,55,2,1,Placed,Accenture,3.5,Low Package,Excellent
S250,Tushar Sani,Male,IT,75%,78%,91%,91%,Not Completed,67,67,61,5,1,Not Placed,,,Low Package,Excellent
S251,Miraya Chacko,Male,Electronics,61%,84%,82%,95%,Not Completed,67,74,55,5,0,Placed,Accenture,4.8,Low Package,Excellent
S252,Renee Dasgupta,Female,CS,61%,80%,74%,66%,Not Completed,82,70,86,3,2,Not Placed,,,Low Package,Good
S253,Pranay Das,Male,Mechanical,94%,63%,74%,89%,Completed,72,87,83,3,3,Placed,Infosys,3.9,Low Package,Good
S254,Anika Dave,Female,Electronics,61%,82%,69%,77%,Completed,87,70,65,4,1,Placed,Deloitte,9.6,High Package,Average
S255,Raghav Saini,Male,Electronics,90%,60%,81%,77%,Not Completed,52,55,81,2,1,Placed,Infosys,8.4,High Package,Excellent
S256,Vivaan Garg,Male,IT,93%,83%,64%,88%,Not Completed,53,51,70,6,1,Placed,Capgemini,9.3,High Package,Average
S257,Chirag Dayal,Female,Civil,80%,71%,82%,79%,Not Completed,69,70,71,6,0,Placed,Infosys,9.6,High Package,Excellent
S258,Samarth Das,Female,Electronics,62%,71%,80%,79%,Completed,94,68,69,6,3,Placed,Infosys,9.6,High Package,Excellent
S259,Gatik Choudhry,Male,IT,81%,88%,60%,81%,Completed,71,54,59,2,3,Placed,Wipro,11.8,High Package,Average
S260,Pari Sodhi,Female,Civil,86%,70%,86%,96%,Completed,66,56,72,4,0,Placed,Cognizant,3,Low Package,Excellent
S261,Nehmat Golla,Male,CS,88%,64%,62%,83%,Not Completed,80,86,56,1,3,Not Placed,,,Low Package,Average
S262,Lakshit Choudhary,Male,Electronics,65%,81%,90%,66%,Not Completed,54,71,56,4,2,Placed,Accenture,4.4,Low Package,Excellent
S263,Tanya Bajaj,Male,CS,86%,95%,76%,83%,Completed,53,56,60,3,3,Not Placed,,,Low Package,Good
S264,Kimaya Kala,Female,CS,63%,83%,60%,92%,Completed,75,86,53,1,0,Not Placed,,,Low Package,Average
S265,Rohan Ramakrishnan,Male,Civil,67%,79%,85%,95%,Not Completed,56,51,62,4,3,Placed,Infosys,8.7,High Package,Excellent
S266,Vanya Yadav,Female,CS,88%,62%,76%,93%,Not Completed,84,74,91,4,0,Placed,Wipro,11,High Package,Good
S267,Shamik Tata,Male,IT,82%,94%,86%,79%,Not Completed,86,53,67,5,1,Placed,Deloitte,9.3,High Package,Excellent
S268,Krish Rege,Female,Electronics,75%,90%,79%,70%,Completed,76,84,83,4,3,Not Placed,,,Low Package,Good
S269,Aarna Ahluwalia,Male,IT,87%,65%,87%,77%,Completed,78,61,57,6,1,Placed,Infosys,10.3,High Package,Excellent
S270,Khushi Gola,Female,Electronics,80%,77%,89%,65%,Completed,54,55,70,6,2,Not Placed,,,Low Package,Excellent
S271,Trisha Rajagopalan,Male,IT,66%,78%,82%,91%,Not Completed,59,59,76,3,0,Not Placed,,,Low Package,Excellent
S272,Prerak Chad,Male,Electronics,85%,62%,85%,86%,Not Completed,88,80,86,6,3,Placed,Infosys,5.5,Medium Package,Excellent
S273,Ehsaan Chatterjee,Female,Mechanical,77%,91%,66%,79%,Completed,67,73,80,2,0,Placed,TCS,6,Medium Package,Average
S274,Ishita Gera,Male,CS,88%,73%,86%,96%,Not Completed,67,76,70,5,3,Not Placed,,,Low Package,Excellent
S275,Kartik Upadhyay,Female,CS,93%,61%,71%,77%,Not Completed,60,54,82,2,0,Not Placed,,,Low Package,Good
S276,Manikya Jain,Male,Mechanical,83%,89%,92%,90%,Completed,79,53,52,6,1,Not Placed,,,Low Package,Excellent
S277,Ryan Sehgal,Female,Electronics,95%,82%,82%,75%,Completed,73,81,65,3,0,Placed,Capgemini,7,Medium Package,Excellent
S278,Seher Chada,Male,CS,74%,73%,77%,91%,Completed,74,53,51,5,2,Placed,Deloitte,8.2,High Package,Good
S279,Vivaan Sane,Male,Mechanical,79%,77%,87%,89%,Completed,58,91,80,3,0,Placed,Capgemini,10.2,High Package,Excellent
S280,Lakshay Ramanathan,Female,Electronics,66%,60%,92%,88%,Not Completed,79,69,63,5,2,Not Placed,,,Low Package,Excellent
S281,Shayak Kalla,Female,Mechanical,76%,79%,72%,74%,Not Completed,56,80,93,5,2,Placed,Wipro,11.9,High Package,Good
S282,Ishita Devan,Male,Civil,78%,76%,86%,90%,Completed,75,92,88,4,0,Placed,Wipro,9.1,High Package,Excellent
S283,Misha Virk,Female,Mechanical,92%,79%,70%,76%,Completed,95,64,71,3,1,Placed,Cognizant,7.8,Medium Package,Good
S284,Renee Bhatt,Male,CS,82%,74%,79%,91%,Completed,66,85,58,3,3,Placed,Cognizant,11.1,High Package,Good
S285,Tara Sridhar,Male,Civil,72%,92%,67%,89%,Not Completed,68,79,87,5,2,Placed,Accenture,3.5,Low Package,Average
S286,Badal Kade,Female,CS,80%,71%,65%,96%,Not Completed,59,58,53,3,3,Placed,Wipro,6.7,Medium Package,Average
S287,Bhavin Edwin,Female,CS,70%,70%,91%,70%,Completed,53,50,90,2,2,Not Placed,,,Low Package,Excellent
S288,Indranil Kota,Male,IT,94%,72%,83%,65%,Not Completed,77,80,75,3,3,Not Placed,,,Low Package,Excellent
S289,Bhamini Acharya,Male,CS,82%,79%,68%,71%,Completed,50,90,93,4,0,Not Placed,,,Low Package,Average
S290,Misha Kumer,Female,Electronics,93%,81%,87%,73%,Not Completed,52,69,54,3,1,Not Placed,,,Low Package,Excellent
S291,Nakul Ahuja,Male,CS,61%,92%,70%,72%,Not Completed,60,75,62,3,2,Placed,Infosys,5,Low Package,Good
S292,Badal Shetty,Male,Electronics,63%,66%,61%,68%,Completed,66,84,90,6,3,Not Placed,,,Low Package,Average
S293,Alisha Bora,Female,Civil,69%,73%,60%,84%,Completed,74,57,78,4,3,Not Placed,,,Low Package,Average
S294,Adah Mammen,Male,Electronics,67%,78%,67%,71%,Completed,88,94,89,4,2,Placed,Accenture,10.5,High Package,Average
S295,Bhavin Ratti,Female,CS,62%,95%,91%,78%,Completed,83,62,66,6,1,Placed,Wipro,9.3,High Package,Excellent
S296,Anahi Devi,Male,IT,91%,69%,65%,97%,Not Completed,50,50,65,1,2,Not Placed,,,Low Package,Average
S297,Reyansh Sridhar,Female,Civil,63%,66%,71%,67%,Completed,64,79,91,3,2,Not Placed,,,Low Package,Good
S298,Mannat Keer,Male,Mechanical,82%,88%,77%,70%,Not Completed,57,56,77,3,2,Placed,TCS,10.7,High Package,Good
S299,Anika Chandran,Female,Civil,90%,86%,70%,72%,Not Completed,75,75,57,2,1,Not Placed,,,Low Package,Good
S300,Aaryahi Wali,Female,CS,84%,82%,61%,73%,Completed,76,87,56,4,1,Not Placed,,,Low Package,Average
S301,Piya Bassi,Male,Electronics,74%,81%,66%,92%,Not Completed,78,52,76,6,0,Placed,Wipro,8.9,High Package,Average
S302,Ivan Doshi,Female,CS,95%,63%,60%,75%,Completed,92,93,72,5,3,Not Placed,,,Low Package,Average
S303,Alia Johal,Male,Mechanical,77%,63%,92%,79%,Not Completed,54,81,60,5,3,Not Placed,,,Low Package,Excellent
S304,Indranil Sane,Female,IT,91%,88%,80%,72%,Not Completed,55,79,65,4,3,Not Placed,,,Low Package,Excellent
S305,Miraan Balakrishnan,Male,Electronics,79%,92%,73%,94%,Completed,76,52,75,3,0,Placed,Capgemini,7.9,Medium Package,Good
S306,Anvi Warrior,Female,Mechanical,88%,67%,66%,79%,Not Completed,79,71,64,1,0,Not Placed,,,Low Package,Average
S307,Farhan Sethi,Female,IT,62%,70%,91%,73%,Not Completed,68,85,90,6,2,Not Placed,,,Low Package,Excellent
S308,Trisha Balay,Female,CS,89%,72%,81%,71%,Not Completed,89,62,66,4,0,Placed,TCS,11.4,High Package,Excellent
S309,Piya Edwin,Male,Civil,60%,93%,63%,92%,Completed,79,92,78,5,0,Placed,Capgemini,11.6,High Package,Average
S310,Onkar Ramakrishnan,Male,IT,84%,80%,92%,89%,Not Completed,87,61,94,4,1,Not Placed,,,Low Package,Excellent
S311,Jayan Krishnamurthy,Male,CS,86%,92%,79%,85%,Completed,71,68,75,6,2,Not Placed,,,Low Package,Good
S312,Suhana Mangal,Female,CS,71%,92%,80%,72%,Completed,89,95,63,3,1,Not Placed,,,Low Package,Excellent
S313,Miraya Singhal,Male,Electronics,66%,61%,84%,74%,Not Completed,84,68,93,1,3,Not Placed,,,Low Package,Excellent
S314,Neysa Warrior,Female,CS,63%,78%,73%,67%,Completed,60,68,67,3,1,Not Placed,,,Low Package,Good
S315,Anika Rao,Female,CS,92%,78%,63%,89%,Not Completed,93,85,89,4,0,Placed,Cognizant,8.8,High Package,Average
S316,Anahi Vyas,Female,CS,88%,74%,83%,77%,Not Completed,53,50,85,6,2,Not Placed,,,Low Package,Excellent
S317,Ahana  Krishna,Male,Civil,62%,87%,77%,81%,Completed,61,93,78,2,2,Placed,Infosys,11.7,High Package,Good
S318,Divij Hora,Male,IT,69%,80%,63%,84%,Completed,71,79,50,4,2,Not Placed,,,Low Package,Average
S319,Suhana Bumb,Male,Civil,94%,94%,85%,70%,Not Completed,70,83,95,3,0,Placed,Infosys,7.7,Medium Package,Excellent
S320,Jivin Raman,Female,Electronics,60%,67%,82%,93%,Completed,71,71,92,2,1,Placed,Wipro,5.6,Medium Package,Excellent
S321,Jivika Khatri,Female,Mechanical,94%,78%,61%,98%,Completed,70,74,93,3,0,Placed,Deloitte,11.5,High Package,Average
S322,Ojas Sheth,Male,CS,94%,94%,60%,69%,Not Completed,68,91,52,2,3,Placed,Wipro,7.6,Medium Package,Average
S323,Madhav Bansal,Female,IT,69%,61%,89%,86%,Completed,63,84,56,1,3,Not Placed,,,Low Package,Excellent
S324,Jhanvi Goswami,Male,Electronics,74%,76%,86%,89%,Completed,61,66,53,4,0,Not Placed,,,Low Package,Excellent
S325,Taimur Kaur,Male,Electronics,60%,64%,62%,69%,Not Completed,51,74,70,3,3,Not Placed,,,Low Package,Average
S326,Trisha Savant,Female,Civil,85%,61%,90%,75%,Completed,69,88,93,5,2,Placed,Wipro,9.9,High Package,Excellent
S327,Mehul Wable,Female,IT,95%,95%,69%,72%,Completed,84,68,75,1,1,Placed,Cognizant,4.3,Low Package,Average
S328,Diya Dey,Male,Mechanical,73%,86%,92%,74%,Completed,85,55,84,2,3,Not Placed,,,Low Package,Excellent
S329,Divij Guha,Male,Electronics,89%,95%,64%,83%,Completed,66,62,89,6,1,Placed,TCS,4.6,Low Package,Average
S330,Ryan Kari,Female,Mechanical,68%,75%,66%,83%,Completed,62,87,56,5,2,Not Placed,,,Low Package,Average
S331,Ishita Malhotra,Female,Electronics,69%,83%,80%,92%,Completed,81,78,70,2,1,Placed,Wipro,8.5,High Package,Excellent
S332,Ojas Sachdeva,Female,Mechanical,83%,68%,81%,95%,Completed,64,95,65,4,2,Not Placed,,,Low Package,Excellent
S333,Divyansh Aggarwal,Male,Mechanical,68%,94%,72%,81%,Not Completed,81,85,69,6,2,Placed,Infosys,8.8,High Package,Good
S334,Amira Goyal,Female,Electronics,73%,62%,76%,95%,Completed,82,90,51,6,0,Placed,Deloitte,8.2,High Package,Good
S335,Keya Walia,Female,CS,89%,92%,92%,70%,Completed,64,87,75,4,2,Not Placed,,,Low Package,Excellent
S336,Oorja Dara,Male,Electronics,68%,88%,70%,76%,Not Completed,65,89,92,5,0,Not Placed,,,Low Package,Good
S337,Keya Dua,Male,IT,76%,83%,74%,67%,Completed,52,64,72,6,3,Not Placed,,,Low Package,Good
S338,Adah Atwal,Female,IT,93%,77%,76%,76%,Completed,80,79,74,4,2,Placed,TCS,11.8,High Package,Good
S339,Faiyaz Ravi,Female,Civil,74%,93%,85%,87%,Not Completed,91,54,87,3,2,Not Placed,,,Low Package,Excellent
S340,Mishti Malhotra,Male,Electronics,77%,73%,69%,76%,Not Completed,50,82,88,2,3,Placed,Accenture,4.5,Low Package,Average
S341,Shamik Bhandari,Male,Civil,90%,90%,73%,75%,Not Completed,64,76,92,6,0,Not Placed,,,Low Package,Good
S342,Shaan Ghosh,Male,CS,92%,62%,69%,68%,Not Completed,52,58,65,2,0,Not Placed,,,Low Package,Average
S343,Lakshit Aggarwal,Male,Mechanical,65%,73%,88%,95%,Not Completed,75,88,83,4,1,Not Placed,,,Low Package,Excellent
S344,Ojas Varghese,Male,Electronics,92%,76%,70%,86%,Completed,88,59,76,4,1,Placed,Deloitte,8.2,High Package,Good
S345,Uthkarsh Doctor,Female,CS,66%,71%,90%,67%,Completed,74,58,74,5,1,Placed,TCS,3.1,Low Package,Excellent
S346,Yuvraj  Kale,Male,Civil,93%,86%,83%,67%,Completed,92,58,80,6,0,Placed,Capgemini,7.9,Medium Package,Excellent
S347,Manjari Salvi,Male,Civil,68%,76%,90%,79%,Not Completed,74,72,80,1,1,Not Placed,,,Low Package,Excellent
S348,Aarav Dugal,Male,Electronics,93%,67%,60%,89%,Not Completed,62,50,66,6,3,Not Placed,,,Low Package,Average
S349,Stuvan Jain,Female,Mechanical,94%,87%,83%,82%,Completed,73,56,76,6,2,Placed,Accenture,8.9,High Package,Excellent
S350,Kanav Suri,Male,Mechanical,95%,95%,90%,81%,Not Completed,85,85,76,3,1,Not Placed,,,Low Package,Excellent
S351,Nitya Comar,Male,Civil,70%,66%,73%,97%,Not Completed,92,57,58,4,3,Not Placed,,,Low Package,Good
S352,Pranay Ganesan,Male,Civil,87%,65%,64%,81%,Not Completed,74,90,60,2,0,Placed,Deloitte,3.8,Low Package,Average
S353,Khushi Lall,Female,Electronics,63%,71%,91%,93%,Not Completed,52,74,88,1,0,Not Placed,,,Low Package,Excellent
S354,Shray Ahluwalia,Male,Electronics,70%,62%,83%,80%,Completed,52,88,62,6,2,Not Placed,,,Low Package,Excellent
S355,Shalv Handa,Female,Civil,72%,93%,60%,69%,Completed,67,75,55,1,1,Not Placed,,,Low Package,Average
S356,Gokul Mann,Male,Civil,85%,60%,76%,76%,Not Completed,67,64,72,4,2,Not Placed,,,Low Package,Good
S357,Advik Kata,Female,Electronics,76%,88%,84%,95%,Completed,68,71,82,2,0,Placed,TCS,10.2,High Package,Excellent
S358,Shayak Guha,Male,Civil,74%,74%,80%,91%,Not Completed,79,87,93,3,3,Placed,Accenture,4,Low Package,Excellent
S359,Lakshay Wali,Female,IT,95%,71%,90%,85%,Completed,68,55,65,3,2,Not Placed,,,Low Package,Excellent
S360,Emir Yohannan,Male,CS,75%,76%,73%,79%,Completed,93,62,61,2,2,Not Placed,,,Low Package,Good
S361,Taimur Kant,Female,Electronics,60%,94%,62%,95%,Completed,56,57,59,3,2,Placed,Cognizant,11.6,High Package,Average
S362,Amira Ganguly,Female,Civil,74%,68%,63%,98%,Not Completed,67,81,86,4,3,Placed,Deloitte,11.2,High Package,Average
S363,Vaibhav Ganguly,Male,Civil,67%,93%,89%,85%,Not Completed,72,75,82,6,0,Not Placed,,,Low Package,Excellent
S364,Tiya Dhar,Male,Mechanical,83%,76%,71%,81%,Completed,63,74,93,2,0,Not Placed,,,Low Package,Good
S365,Anaya Issac,Female,Mechanical,83%,85%,77%,93%,Not Completed,71,73,89,2,3,Placed,Accenture,6.8,Medium Package,Good
S366,Hridaan Chaudhari,Female,Civil,72%,69%,69%,95%,Completed,67,65,56,1,1,Not Placed,,,Low Package,Average
S367,Ivan Savant,Female,Civil,79%,76%,63%,90%,Completed,58,90,81,1,3,Not Placed,,,Low Package,Average
S368,Kabir Chaudhari,Male,Civil,81%,76%,83%,88%,Completed,66,80,63,5,0,Not Placed,,,Low Package,Excellent
S369,Nitya Lata,Male,Electronics,94%,71%,78%,87%,Not Completed,76,57,51,3,2,Not Placed,,,Low Package,Good
S370,Azad Raval,Female,CS,70%,81%,86%,90%,Not Completed,74,89,55,1,3,Not Placed,,,Low Package,Excellent
S371,Lavanya Sandhu,Female,Mechanical,85%,77%,88%,88%,Completed,64,70,71,6,1,Not Placed,,,Low Package,Excellent
S372,Taran Atwal,Female,IT,73%,70%,85%,71%,Not Completed,61,51,60,1,3,Placed,Cognizant,5.1,Medium Package,Excellent
S373,Lagan Dugar,Male,IT,76%,69%,65%,89%,Completed,53,51,85,3,3,Not Placed,,,Low Package,Average
S374,Siya Bumb,Male,IT,62%,82%,80%,95%,Completed,78,90,68,4,1,Placed,Infosys,4.2,Low Package,Excellent
S375,Zain Babu,Female,Electronics,94%,79%,82%,95%,Not Completed,94,84,58,5,3,Placed,Capgemini,8.4,High Package,Excellent
S376,Divyansh Kota,Female,IT,60%,93%,68%,87%,Completed,69,73,78,3,0,Placed,Accenture,5.3,Medium Package,Average
S377,Tara Chandran,Male,Civil,78%,74%,60%,88%,Not Completed,81,80,94,2,0,Not Placed,,,Low Package,Average
S378,Dhanush Virk,Female,Civil,74%,76%,65%,92%,Not Completed,65,60,75,6,3,Not Placed,,,Low Package,Average
S379,Saksham Varma,Female,CS,64%,71%,68%,83%,Completed,91,84,68,1,2,Not Placed,,,Low Package,Average
S380,Saanvi Devan,Male,Mechanical,61%,69%,63%,66%,Not Completed,94,89,67,2,3,Not Placed,,,Low Package,Average
S381,Jayant Saini,Male,CS,65%,69%,60%,96%,Completed,58,95,67,2,2,Not Placed,,,Low Package,Average
S382,Saksham Banerjee,Male,Mechanical,65%,69%,63%,82%,Not Completed,81,73,69,4,3,Not Placed,,,Low Package,Average
S383,Emir Hans,Male,IT,75%,84%,88%,80%,Completed,62,66,61,6,3,Not Placed,,,Low Package,Excellent
S384,Alisha Bala,Male,Civil,84%,79%,80%,75%,Completed,56,83,79,6,1,Not Placed,,,Low Package,Excellent
S385,Renee Dani,Male,CS,67%,75%,87%,85%,Completed,80,90,66,1,0,Placed,Wipro,4.8,Low Package,Excellent
S386,Sara Sur,Female,Electronics,69%,83%,65%,80%,Completed,57,75,87,2,2,Placed,TCS,11.7,High Package,Average
S387,Ryan Iyer,Male,IT,82%,69%,66%,73%,Not Completed,89,71,93,4,0,Not Placed,,,Low Package,Average
S388,Gatik Yogi,Male,IT,84%,82%,68%,81%,Completed,91,72,85,1,2,Not Placed,,,Low Package,Average
S389,Umang Bawa,Female,CS,71%,94%,82%,85%,Not Completed,68,84,85,6,3,Not Placed,,,Low Package,Excellent
S390,Vanya Chakraborty,Female,Mechanical,94%,83%,89%,65%,Not Completed,85,60,88,6,2,Placed,Capgemini,4.4,Low Package,Excellent
S391,Myra Saini,Male,Mechanical,64%,94%,84%,77%,Not Completed,89,73,51,5,1,Not Placed,,,Low Package,Excellent
S392,Amira Mahal,Female,IT,66%,93%,64%,67%,Not Completed,68,70,89,2,1,Not Placed,,,Low Package,Average
S393,Hunar Sarraf,Female,Civil,93%,76%,63%,88%,Completed,56,81,62,2,0,Placed,TCS,3.3,Low Package,Average
S394,Gokul Bassi,Male,Mechanical,95%,86%,83%,68%,Completed,91,81,63,5,0,Placed,Accenture,10.2,High Package,Excellent
S395,Ryan Manda,Male,Electronics,84%,72%,72%,98%,Not Completed,69,54,54,6,0,Placed,Capgemini,3.9,Low Package,Good
S396,Jivika Chopra,Female,Civil,87%,66%,70%,76%,Completed,85,76,85,5,1,Placed,Cognizant,3.9,Low Package,Good
S397,Ritvik Dyal,Female,Mechanical,80%,95%,80%,88%,Not Completed,60,84,92,4,2,Not Placed,,,Low Package,Excellent
S398,Indrajit Kari,Male,Civil,95%,76%,83%,93%,Not Completed,65,86,88,4,2,Not Placed,,,Low Package,Excellent
S399,Yashvi Dua,Female,IT,79%,74%,73%,85%,Not Completed,68,88,52,1,0,Placed,Capgemini,4.2,Low Package,Good
S400,Elakshi Shetty,Male,CS,76%,83%,75%,79%,Not Completed,52,79,56,3,1,Not Placed,,,Low Package,Good
S401,Jivin Bhavsar,Female,Civil,71%,91%,66%,84%,Not Completed,75,86,86,1,0,Placed,Cognizant,3.7,Low Package,Average
S402,Jhanvi Buch,Female,IT,74%,60%,84%,68%,Not Completed,71,72,53,3,0,Not Placed,,,Low Package,Excellent
S403,Gatik Apte,Male,CS,63%,85%,88%,97%,Completed,86,59,84,1,2,Not Placed,,,Low Package,Excellent
S404,Alisha Loke,Male,Electronics,85%,76%,65%,90%,Completed,75,59,68,5,3,Placed,Wipro,3.7,Low Package,Average
S405,Madhup Chander,Male,Electronics,93%,75%,75%,69%,Not Completed,80,85,58,3,1,Placed,Accenture,6.6,Medium Package,Good
S406,Vaibhav Sane,Female,Mechanical,72%,80%,82%,66%,Not Completed,86,55,93,3,2,Placed,Cognizant,6.7,Medium Package,Excellent
S407,Tushar Garde,Male,CS,83%,69%,65%,72%,Completed,78,89,89,6,2,Placed,Accenture,3.4,Low Package,Average
S408,Anahi Srivastava,Male,Mechanical,88%,90%,61%,86%,Completed,59,68,89,2,1,Placed,Wipro,9.2,High Package,Average
S409,Zeeshan Ravi,Male,IT,84%,93%,62%,81%,Completed,83,66,84,2,1,Placed,Capgemini,7.3,Medium Package,Average
S410,Indranil D’Alia,Male,Civil,60%,64%,84%,82%,Completed,94,89,62,6,2,Not Placed,,,Low Package,Excellent
S411,Hansh Bhatti,Male,Civil,92%,66%,80%,96%,Not Completed,68,91,51,5,0,Not Placed,,,Low Package,Excellent
S412,Manikya Gupta,Male,IT,75%,93%,79%,86%,Completed,82,79,62,4,1,Not Placed,,,Low Package,Good
S413,Tanya Kakar,Female,Mechanical,75%,92%,77%,68%,Not Completed,72,93,51,6,1,Not Placed,,,Low Package,Good
S414,Elakshi Agarwal,Female,CS,65%,84%,74%,91%,Not Completed,85,67,51,2,3,Placed,Infosys,6.1,Medium Package,Good
S415,Advika Dubey,Male,CS,68%,94%,72%,73%,Completed,88,71,69,3,3,Not Placed,,,Low Package,Good
S416,Ranbir Baral,Male,CS,80%,69%,61%,85%,Completed,91,86,59,4,3,Placed,Wipro,3.6,Low Package,Average
S417,Yasmin Som,Male,CS,61%,77%,74%,79%,Not Completed,90,67,78,2,2,Placed,Deloitte,4.7,Low Package,Good
S418,Krish Chokshi,Female,Mechanical,71%,84%,91%,95%,Completed,94,80,55,2,2,Placed,Capgemini,10.6,High Package,Excellent
S419,Indranil Kapadia,Male,CS,73%,64%,71%,93%,Completed,52,76,64,5,1,Placed,Wipro,11.6,High Package,Good
S420,Samar Iyengar,Male,Electronics,84%,80%,85%,98%,Not Completed,65,77,79,6,2,Not Placed,,,Low Package,Excellent
S421,Zara Joshi,Female,IT,95%,84%,63%,77%,Completed,79,52,78,3,0,Placed,Infosys,7.7,Medium Package,Average
S422,Jayesh Madan,Male,Electronics,69%,89%,88%,70%,Not Completed,68,79,69,6,3,Placed,Accenture,5.6,Medium Package,Excellent
S423,Mehul Kade,Female,Civil,61%,71%,89%,77%,Completed,94,84,87,4,1,Placed,Infosys,6.5,Medium Package,Excellent
S424,Tara Sarin,Male,IT,65%,67%,88%,88%,Completed,94,91,70,1,2,Not Placed,,,Low Package,Excellent
S425,Madhup Madan,Female,Electronics,69%,70%,69%,76%,Not Completed,85,74,74,6,1,Placed,Deloitte,4.5,Low Package,Average
S426,Charvi Mand,Male,IT,68%,72%,60%,81%,Completed,69,78,69,1,3,Not Placed,,,Low Package,Average
S427,Rhea Majumdar,Female,CS,73%,90%,89%,91%,Not Completed,84,50,81,4,3,Not Placed,,,Low Package,Excellent
S428,Bhavin Soni,Male,IT,71%,69%,63%,87%,Completed,85,67,65,1,0,Placed,Capgemini,8.7,High Package,Average
S429,Saksham Tata,Male,IT,66%,86%,71%,75%,Completed,86,88,92,6,0,Placed,Wipro,6,Medium Package,Good
S430,Jayan Verma,Female,Mechanical,84%,64%,87%,69%,Not Completed,87,73,79,3,1,Placed,TCS,9.9,High Package,Excellent
S431,Diya Ravi,Female,Electronics,73%,73%,63%,71%,Not Completed,94,67,57,5,1,Not Placed,,,Low Package,Average
S432,Aarna Kuruvilla,Female,Electronics,80%,76%,82%,73%,Completed,88,95,94,5,3,Not Placed,,,Low Package,Excellent
S433,Jivika Wadhwa,Male,IT,67%,61%,89%,72%,Not Completed,61,89,81,6,3,Placed,Cognizant,5.6,Medium Package,Excellent
S434,Ryan Lalla,Male,IT,72%,78%,76%,69%,Completed,52,71,76,3,3,Not Placed,,,Low Package,Good
S435,Anya Shere,Female,Civil,61%,71%,72%,86%,Not Completed,57,93,50,3,2,Not Placed,,,Low Package,Good
S436,Anahi Talwar,Male,Civil,94%,81%,89%,91%,Not Completed,91,58,52,6,3,Not Placed,,,Low Package,Excellent
S437,Eshani Wali,Male,CS,81%,82%,64%,74%,Completed,93,70,86,3,2,Not Placed,,,Low Package,Average
S438,Krish Dash,Male,Electronics,67%,79%,80%,67%,Completed,90,84,74,3,2,Placed,Capgemini,8.5,High Package,Excellent
S439,Indrans Toor,Female,CS,93%,79%,71%,72%,Not Completed,65,73,81,3,0,Not Placed,,,Low Package,Good
S440,Veer Jaggi,Male,CS,81%,90%,79%,85%,Completed,78,82,55,2,1,Placed,Deloitte,7.3,Medium Package,Good
S441,Jayan Sarin,Male,IT,79%,62%,65%,86%,Completed,52,79,63,4,1,Not Placed,,,Low Package,Average
S442,Purab Chandra,Female,CS,80%,72%,72%,83%,Completed,92,69,83,3,0,Placed,TCS,8.2,High Package,Good
S443,Ritvik Thakkar,Male,Electronics,95%,92%,66%,78%,Not Completed,57,67,92,5,3,Placed,Infosys,5.5,Medium Package,Average
S444,Anahi Deshpande,Male,CS,64%,79%,81%,93%,Not Completed,59,95,67,1,2,Not Placed,,,Low Package,Excellent
S445,Nitya Divan,Male,Civil,85%,71%,88%,87%,Completed,93,53,80,3,0,Placed,TCS,6.5,Medium Package,Excellent
S446,Zain Samra,Male,IT,89%,66%,89%,84%,Not Completed,92,84,95,6,1,Placed,Deloitte,9.9,High Package,Excellent
S447,Advik Raju,Female,Mechanical,85%,71%,81%,85%,Not Completed,64,59,64,4,3,Not Placed,,,Low Package,Excellent
S448,Saanvi Borde,Female,Civil,70%,78%,82%,73%,Not Completed,80,57,54,5,0,Not Placed,,,Low Package,Excellent
S449,Shalv Anand,Male,Mechanical,94%,89%,85%,91%,Completed,56,70,95,2,3,Not Placed,,,Low Package,Excellent
S450,Vedika Dar,Female,Civil,81%,94%,75%,76%,Completed,74,54,80,6,1,Placed,Wipro,4.9,Low Package,Good
S451,Purab Singh,Female,Electronics,66%,88%,71%,84%,Completed,87,88,57,4,3,Not Placed,,,Low Package,Good
S452,Tejas Raj,Male,IT,73%,68%,60%,74%,Completed,88,74,93,6,0,Placed,Wipro,7.4,Medium Package,Average
S453,Eshani Sahni,Female,CS,73%,80%,79%,84%,Completed,68,74,84,4,3,Not Placed,,,Low Package,Good
S454,Eshani Dewan,Female,CS,78%,63%,83%,68%,Not Completed,50,89,87,1,0,Not Placed,,,Low Package,Excellent
S455,Ojas Vora,Female,Mechanical,84%,85%,84%,92%,Not Completed,51,65,68,5,0,Not Placed,,,Low Package,Excellent
S456,Rohan Choudhry,Female,Mechanical,86%,69%,78%,73%,Completed,58,62,80,2,1,Not Placed,,,Low Package,Good
S457,Alia Dani,Female,Civil,68%,65%,68%,91%,Completed,51,59,91,4,0,Not Placed,,,Low Package,Average
S458,Mehul Devan,Female,Civil,82%,74%,71%,92%,Not Completed,82,77,79,5,1,Not Placed,,,Low Package,Good
S459,Hridaan Sathe,Female,Electronics,83%,62%,62%,95%,Completed,95,82,65,6,3,Not Placed,,,Low Package,Average
S460,Vardaniya Dasgupta,Female,Civil,93%,65%,65%,80%,Not Completed,80,94,87,4,0,Placed,Infosys,9.6,High Package,Average
S461,Khushi Chatterjee,Male,Civil,89%,92%,90%,86%,Completed,53,71,89,4,2,Not Placed,,,Low Package,Excellent
S462,Nitara Bhakta,Female,Electronics,76%,63%,90%,75%,Not Completed,60,52,68,5,2,Not Placed,,,Low Package,Excellent
S463,Zain Anne,Male,CS,92%,64%,77%,81%,Completed,51,68,89,2,2,Not Placed,,,Low Package,Good
S464,Kavya Ganesh,Male,Electronics,69%,88%,83%,76%,Not Completed,50,57,66,3,2,Not Placed,,,Low Package,Excellent
S465,Samiha Bose,Male,CS,69%,91%,86%,89%,Completed,83,52,61,2,3,Not Placed,,,Low Package,Excellent
S466,Advik Kar,Male,IT,70%,89%,85%,95%,Not Completed,86,72,63,3,1,Placed,Cognizant,5.4,Medium Package,Excellent
S467,Zoya Behl,Female,Mechanical,69%,93%,87%,65%,Not Completed,93,95,74,3,1,Not Placed,,,Low Package,Excellent
S468,Shamik Kumar,Male,IT,94%,82%,87%,82%,Not Completed,70,83,93,3,3,Not Placed,,,Low Package,Excellent
S469,Adira Bhasin,Female,Civil,75%,72%,81%,76%,Not Completed,66,91,56,3,2,Not Placed,,,Low Package,Excellent
S470,Vanya Raj,Female,Mechanical,74%,78%,76%,77%,Completed,50,76,54,1,0,Placed,Capgemini,3.9,Low Package,Good
S471,Drishya Wadhwa,Male,IT,68%,84%,71%,72%,Completed,88,92,53,6,0,Placed,Capgemini,8.7,High Package,Good
S472,Amira Setty,Female,Civil,80%,76%,70%,69%,Completed,79,92,68,3,2,Placed,Cognizant,7.1,Medium Package,Good
S473,Riya Bhalla,Female,CS,88%,64%,91%,77%,Completed,71,53,74,5,3,Not Placed,,,Low Package,Excellent
S474,Anahi Handa,Male,Electronics,66%,88%,76%,71%,Not Completed,81,56,91,1,1,Placed,Capgemini,9.9,High Package,Good
S475,Anahita Bava,Male,IT,62%,84%,77%,74%,Completed,66,78,86,6,0,Placed,TCS,11.1,High Package,Good
S476,Keya Varty,Female,Civil,87%,85%,64%,79%,Not Completed,50,82,86,1,3,Not Placed,,,Low Package,Average
S477,Inaaya  Dutta,Female,Mechanical,85%,63%,65%,88%,Not Completed,86,84,57,5,3,Not Placed,,,Low Package,Average
S478,Yashvi Manne,Female,CS,79%,84%,66%,87%,Not Completed,68,91,79,4,0,Placed,Infosys,8,Medium Package,Average
S479,Mannat Bakshi,Male,Civil,84%,64%,79%,96%,Completed,58,52,62,5,3,Placed,TCS,9.5,High Package,Good
S480,Rasha Kohli,Male,Civil,67%,73%,89%,74%,Not Completed,71,53,52,6,0,Not Placed,,,Low Package,Excellent
S481,Vihaan Shetty,Male,Civil,62%,75%,68%,65%,Completed,59,81,52,2,0,Not Placed,,,Low Package,Average
S482,Nitya Balasubramanian,Male,IT,91%,74%,64%,77%,Completed,79,89,56,4,2,Placed,Deloitte,8.3,High Package,Average
S483,Jayant Zacharia,Male,Mechanical,73%,62%,71%,86%,Not Completed,57,93,70,1,3,Not Placed,,,Low Package,Good
S484,Advika Sekhon,Female,Electronics,70%,88%,75%,67%,Completed,76,60,59,2,2,Not Placed,,,Low Package,Good
S485,Anya Sodhi,Male,Electronics,78%,86%,90%,73%,Completed,51,81,60,2,3,Placed,TCS,3.1,Low Package,Excellent
S486,Hiran Krishnamurthy,Male,Electronics,71%,91%,65%,84%,Completed,78,76,83,3,2,Placed,Infosys,8.5,High Package,Average
S487,Aayush Keer,Female,Electronics,92%,74%,89%,78%,Not Completed,65,62,85,3,0,Placed,Capgemini,11.8,High Package,Excellent
S488,Khushi Kapoor,Female,CS,70%,62%,63%,88%,Completed,59,93,57,3,1,Not Placed,,,Low Package,Average
S489,Jayant Singh,Male,IT,63%,94%,71%,75%,Completed,71,89,66,1,3,Not Placed,,,Low Package,Good
S490,Faiyaz Hayre,Female,Civil,72%,80%,74%,72%,Not Completed,65,78,54,3,0,Not Placed,,,Low Package,Good
S491,Ela Keer,Male,Civil,91%,63%,87%,74%,Completed,76,62,65,2,0,Placed,Accenture,11,High Package,Excellent
S492,Rohan Arya,Male,Mechanical,77%,72%,81%,73%,Not Completed,73,58,74,1,1,Not Placed,,,Low Package,Excellent
S493,Prisha Issac,Female,CS,81%,74%,78%,75%,Completed,57,79,58,6,2,Not Placed,,,Low Package,Good
S494,Chirag Bose,Male,Electronics,90%,89%,77%,65%,Completed,76,83,55,6,1,Not Placed,,,Low Package,Good
S495,Yashvi Khalsa,Male,Electronics,69%,60%,86%,67%,Not Completed,70,77,65,1,1,Not Placed,,,Low Package,Excellent
S496,Arnav Biswas,Male,Civil,91%,75%,65%,65%,Not Completed,83,75,77,6,0,Not Placed,,,Low Package,Average
S497,Aradhya Kala,Male,Civil,79%,70%,89%,66%,Not Completed,72,68,58,4,1,Placed,Cognizant,12,High Package,Excellent
S498,Tanya Borde,Female,IT,64%,84%,81%,98%,Not Completed,75,61,95,1,1,Not Placed,,,Low Package,Excellent
S499,Veer Chandran,Male,IT,81%,63%,92%,88%,Not Completed,94,89,67,1,3,Not Placed,,,Low Package,Excellent
S500,Hazel Bumb,Male,Electronics,73%,68%,81%,80%,Completed,79,89,73,5,3,Placed,Wipro,6.3,Medium Package,Excellent
